----------------------------------------------------------------------------------------------------------------------------------------------------------------------------------------------------------------------------------------------------------------------------------------
                                       UC1:Ability to create a Address Book Service DB 
                                       - Use SQL Client to create DB and DB Records 
----------------------------------------------------------------------------------------------------------------------------------------------------------------------------------------------------------------------------------------------------------------------------------------


mysql> Create Database AddressBook_DB;
Query OK, 1 row affected (0.03 sec)

mysql> show databases;
+--------------------+
| Database           |
+--------------------+
| addressbook_db     |
| information_schema |
| mysql              |
| payroll_service    |
| performance_schema |
| sys                |
+--------------------+
6 rows in set (0.01 sec)


----------------------------------------------------------------------------------------------------------------------------------------------------------------------------------------------------------------------------------------------------------------------------------------
                                    UC2:Ability to create a Address Book Table with first and last names,
                                        address, city, state, zip, phone                   
                                        number and email as its attributes.

----------------------------------------------------------------------------------------------------------------------------------------------------------------------------------------------------------------------------------------------------------------------------------------


mysql> CREATE TABLE AddressBook (
    ->     AddressBook_no INT AUTO_INCREMENT PRIMARY KEY,
    ->     FirstName VARCHAR(255),
    ->     LastName VARCHAR(255),
    ->     city VARCHAR(255),
    ->     zip INT,
    ->     phone_No VARCHAR(255) NOT NULL,
    ->     Email VARCHAR(255) NOT NULL,
    ->     CONSTRAINT chk_PhoneNumber CHECK (phone_No REGEXP '^[0-9]{10,15}$'),
    ->     UNIQUE (phone_No)
    -> );
Query OK, 0 rows affected (0.90 sec)

mysql> select * from AdressBook;
ERROR 1146 (42S02): Table 'addressbook_db.adressbook' doesn't exist
mysql> select * from AddressBook;
Empty set (0.10 sec)

mysql> desc AddressBook;
+----------------+--------------+------+-----+---------+----------------+
| Field          | Type         | Null | Key | Default | Extra          |
+----------------+--------------+------+-----+---------+----------------+
| AddressBook_no | int          | NO   | PRI | NULL    | auto_increment |
| FirstName      | varchar(255) | YES  |     | NULL    |                |
| LastName       | varchar(255) | YES  |     | NULL    |                |
| city           | varchar(255) | YES  |     | NULL    |                |
| zip            | int          | YES  |     | NULL    |                |
| phone_No       | varchar(255) | NO   | UNI | NULL    |                |
| Email          | varchar(255) | NO   |     | NULL    |                |
+----------------+--------------+------+-----+---------+----------------+
7 rows in set (0.69 sec)


------------------------------------------------------------------------------------------------------------------------------------------------------------------------------------------------------------------------------------------------------------------------------------

                                UC3:Ability to insert new Contacts to Address Book

------------------------------------------------------------------------------------------------------------------------------------------------------------------------------------------------------------------------------------------------------------------------------------
mysql> INSERT INTO AddressBook (AddressBook_no,FirstName,LastName,City,zip,phone_No,Email)
    -> ^C
mysql> INSERT INTO AddressBook (FirstName,LastName,City,zip,phone_No,Email)
    -> VALUES ('Manish','Khade','Mumbai',400089,'9320559246','Manishkhade241099@gmail.com');
Query OK, 1 row affected (0.02 sec)

mysql> INSERT INTO AddressBook (FirstName,LastName,City,zip,phone_No,Email)
    -> VALUES ('Swapnil','Yadav','Navi Mumbai',400706,'8104345244','Swanil@gmail.com');
Query OK, 1 row affected (0.02 sec)

mysql> INSERT INTO AddressBook (FirstName,LastName,City,zip,phone_No,Email)
    -> VALUES ('Anwar','Shaikh','Navi Mumbai',400708,'8652741234','Anwar@gmail.com');
Query OK, 1 row affected (0.02 sec)

mysql> INSERT INTO AddressBook (FirstName,LastName,City,zip,phone_No,Email)
    -> VALUES ('Nitish','Prajapati','Panvel','410293','7652079588','Nitish@gmail.com');
Query OK, 1 row affected (0.84 sec)

mysql> INSERT INTO AddressBook (FirstName,LastName,City,zip,phone_No,Email)
    -> VALUES ('Smital','Patil','Ghansoli_Gaon',400701,'8451091205','Smital@gmail.com');
Query OK, 1 row affected (0.42 sec)

mysql> select * from AddressBook;
+----------------+-----------+-----------+---------------+--------+------------+-----------------------------+
| AddressBook_no | FirstName | LastName  | city          | zip    | phone_No   | Email                       |
+----------------+-----------+-----------+---------------+--------+------------+-----------------------------+
|              1 | Manish    | Khade     | Mumbai        | 400089 | 9320559246 | Manishkhade241099@gmail.com |
|              2 | Swapnil   | Yadav     | Navi Mumbai   | 400706 | 8104345244 | Swanil@gmail.com            |
|              3 | Anwar     | Shaikh    | Navi Mumbai   | 400708 | 8652741234 | Anwar@gmail.com             |
|              4 | Nitish    | Prajapati | Panvel        | 410293 | 7652079588 | Nitish@gmail.com            |
|              5 | Smital    | Patil     | Ghansoli_Gaon | 400701 | 8451091205 | Smital@gmail.com            |
+----------------+-----------+-----------+---------------+--------+------------+-----------------------------+
5 rows in set (0.00 sec)

------------------------------------------------------------------------------------------------------------------------------------------------------------------------------------------------------------------------------------------------------------------------------------
                                          UC4:Ability to edit existing contact person using their name

------------------------------------------------------------------------------------------------------------------------------------------------------------------------------------------------------------------------------------------------------------------------------------
mysql> UPDATE AddressBook
    -> SET city='Ulve',zip='400803',phone_No='9757400321',email='Amey@gmail.com'
    -> where FirstName='Nitish' AND LastName='Prajapati';
Query OK, 1 row affected (0.01 sec)
Rows matched: 1  Changed: 1  Warnings: 0

mysql> select * from AddressBook;
+----------------+-----------+-----------+---------------+--------+------------+-----------------------------+
| AddressBook_no | FirstName | LastName  | city          | zip    | phone_No   | Email                       |
+----------------+-----------+-----------+---------------+--------+------------+-----------------------------+
|              1 | Manish    | Khade     | Mumbai        | 400089 | 9320559246 | Manishkhade241099@gmail.com |
|              2 | Swapnil   | Yadav     | Navi Mumbai   | 400706 | 8104345244 | Swanil@gmail.com            |
|              3 | Anwar     | Shaikh    | Navi Mumbai   | 400708 | 8652741234 | Anwar@gmail.com             |
|              4 | Nitish    | Prajapati | Ulve          | 400803 | 9757400321 | Amey@gmail.com              |
|              5 | Smital    | Patil     | Ghansoli_Gaon | 400701 | 8451091205 | Smital@gmail.com            |
+----------------+-----------+-----------+---------------+--------+------------+-----------------------------+
5 rows in set (0.00 sec)


------------------------------------------------------------------------------------------------------------------------------------------------------------------------------------------------------------------------------------------------------------------------------------
                                UC5:Ability o delete A person Using person's name

------------------------------------------------------------------------------------------------------------------------------------------------------------------------------------------------------------------------------------------------------------------------------------
mysql> DELETE FROM AddressBook
    -> WHERE FirstName='Anwar' AND LastName='Shaikh';
Query OK, 1 row affected (0.57 sec)

mysql> select * from AddressBook;
+----------------+-----------+-----------+---------------+--------+------------+-----------------------------+
| AddressBook_no | FirstName | LastName  | city          | zip    | phone_No   | Email                       |
+----------------+-----------+-----------+---------------+--------+------------+-----------------------------+
|              1 | Manish    | Khade     | Mumbai        | 400089 | 9320559246 | Manishkhade241099@gmail.com |
|              2 | Swapnil   | Yadav     | Navi Mumbai   | 400706 | 8104345244 | Swanil@gmail.com            |
|              4 | Nitish    | Prajapati | Ulve          | 400803 | 9757400321 | Amey@gmail.com              |
|              5 | Smital    | Patil     | Ghansoli_Gaon | 400701 | 8451091205 | Smital@gmail.com            |
+----------------+-----------+-----------+---------------+--------+------------+-----------------------------+
4 rows in set (0.00 sec)


------------------------------------------------------------------------------------------------------------------------------------------------------------------------------------------------------------------------------------------------------------------------------------
                             UC6:Ability to retrieve person Belonging to a city from Address Book
                          
-----------------------------------------------------------------------------------------------------------------------------------------------------------------------------------------------------------------------------------------------------------------------------------


mysql> SELECT * FROM AddressBook
    -> WHERE City='Ghansoli_goan' OR city='Mumbai';
+----------------+-----------+----------+--------+--------+------------+-----------------------------+
| AddressBook_no | FirstName | LastName | city   | zip    | phone_No   | Email                       |
+----------------+-----------+----------+--------+--------+------------+-----------------------------+
|              1 | Manish    | Khade    | Mumbai | 400089 | 9320559246 | Manishkhade241099@gmail.com |
+----------------+-----------+----------+--------+--------+------------+-----------------------------+


                          
-----------------------------------------------------------------------------------------------------------------------------------------------------------------------------------------------------------------------------------------------------------------------------------
                                      UC8:Ability to understand the count of addressbook by city .
                          
-----------------------------------------------------------------------------------------------------------------------------------------------------------------------------------------------------------------------------------------------------------------------------------
mysql> SELECT city,COUNT(*)
    -> FROM AddressBook
    -> GROUP BY city;
+---------------+----------+
| city          | COUNT(*) |
+---------------+----------+
| Mumbai        |        1 |
| Navi Mumbai   |        1 |
| Ulve          |        1 |
| Ghansoli_Gaon |        1 |
+---------------+----------+
4 rows in set (0.00 sec)



